old_id,address,decimals
$NAP,4G86CMxGsMdLETrYnavMFKPhQzKTvDBYGMRAdVtr72nu,6
ACS,5MAYDfq5yxtudAhtfyuMBuHZjgAbaS9tbEyEQYAhDS5y,6
ACTSOL,GJAFwWjJ3vnTsrQVabjBVK2TYB1YtRCQXRDfDgUnpump,6
AI16Z,HeLp6NuQkmYB4pYWo2zYs22mESHXPQYzXbB8n4V98jwC,9
AI16ZELIZA,wUtwjNmjCP9TTTtoc5Xn5h5sZ2cYJm5w2w44b79yr2o,6
AIOS,5QS7RcHfGUa2ZtrovPvEJMB9coqroiT7H48dPSwFpump,6
AIRC,61V8vBaqAGMpgDQi4JcAwo1dmBGHsyhzodcPqnEVpump,6
AISOL,99ouK5YUK3JPGCPX9joNtHsMU7NPpU7w91JN4kdQ97po,9
ALCH,HNg5PYJmtqcmzXrv6S9zP1CDKk5BgDuyFBxbvNApump,6
ALON,8XtRWb4uAAJFMP4QQhoYYCWR6XXb7ybcCdiqPwz9s5WS,6
AMC,9jaZhJM6nMHTo4hY9DGabQ1HNuUWhJtm7js1fmKMVpkN,9
AMU,AMUwxPsqWSd1fbCGzWsrRKDcNoduuWMkdR38qPdit8G8,9
ANALOS,7iT1GRYYhEop2nV1dyCwK2MGyLmPHq47WhPGSwiqcUg5,8
ANDY,667w6y7eH5tQucYQXfJ2KmiuGBE8HfYnqqbjLNSw7yww,6
ANON,8VJ51bdE3xorQ1zB7FEa8CsHdM4kw77xCFiCgbnL2qbT,6
APES,984GBL7PhceChtN64NWLdBb49rSQXX7ozpdkEbR1pump,6
ARGSOL,9XRpjZjhJPeWtUymiEWn3FW7uAnMeQca14ucTWWWyP2g,6
ATLAS,ATLASXmbPQxBUYbxPsV97usA3fPQYEqzQBUHgiFCUsXx,8
ATR,ATRLuHph8dxnPny4WSNW7fxkhbeivBrtWbY6BfB4xpLj,9
AURY,AURYydfxJib1ZkTir1Jn1J9ECYUtjb6rKQVmtYaixWPP,9
AVAAI,DKu9kykSfbN5LBfFXtNNDPaX35o4Fv6vJ9FKk7pZpump,6
AVB,6d5zHW5B8RkGKd51Lpb9RqFQSqDudr9GJgZ1SgQZpump,6
BABYSHARK,8nKP8Vc72pRZB6bhCy8D1UYf6ZjwYT859i6awyinpump,6
BANANASOL,FuQASH8ps9NPeDu4h3rVtMBygKYoSiSTZ4uSiA5tpump,6
BARSIK,7ZqzGzTNg5tjK1CHTBdGFHyKjBtXdfvAobuGgdt4pump,6
BAZINGA,C3JX9TWLqHKmcoTDTppaJebX2U7DcUQDEHVSmJFz6K6S,6
BBSOL,Bybit2vBJGhPF52GBdNaQfUJ6ZpThSgHBobjWZpLPb4B,9
BEER,AujTJJ7aMS8LDo3bFzoyXDwT3jBALUbu4VZhzZdTZLmG,6
BENDOG,AHW5N8iqZobTcBepkSJzZ61XtAuSzBDcpxtrLG6KUKPk,9
BERT,HgBRWfYxEfvPhtqkaeymCQtHCrKE46qQ43pKe8HCpump,6
BIAOSOL,2ru87k7yAZnDRsnqVpgJYETFgqVApuBcwB2xDb19pump,6
BIF,BgQ2Tj4y4YQume4guQrkK8RWB8oRQtHYtAta1tXubL1G,9
BILL,5o817YNoR97F1h5suzBghwc8dP53oureRuFbgJiaCFuZ,6
BILLYSOL,3B5wuUrMEi5yATD7on46hKfej3pfmd7t1RKgrsN3pump,6
BINU,DdWVqFmdQpyjdU3AeUSEhrsnJQBPH7iK9xdCFrBgpAy2,6
BIRDDOG,3XTp12PmKMHxB6YkejaGPUjMGBLKRGgzHWgJuVTsBCoP,9
BNSOL,BNso1VUJnh4zcfpZa6986Ea66P6TCp59hvtNJ8b1X85,9
BODEN,3psH1Mj1f7yUfaD5gh6Zj7epE8hhrMkMETgv5TshQA4o,9
BOME,ukHH6c7mMyiWCf1b9pnWe25TSpkDDt3H5pQZgZ74J82,6
BONK,DezXAZ8z7PnrnRJjz3wXBoRgixCa6xjnB7YaB1pPB263,5
BOZO,EJPtJEDogxzDbvM8qvAsqYbLmPj5n1vQeqoAzj9Yfv3q,9
BRAWL,5mdBkZ4dTP94SE7PyiuWseTDAd1kYxSk6oYaWB7186s7,9
BUIO,CaPS8EpC78RsnDdjNfZGd7Wjdg9156ijvC1aFcA1pump,6
BULLY,79yTpy8uwmAkrdgZdq6ZSBTvxKsgPrNqTLvYQBh1pump,6
BUTTCOIN,FasH397CeZLNYWkd3wWK9vrmjd1z93n3b59DssRXpump,6
BUZZ,9DHe3pycTuymFk4H4bbPoAJ4hQrr2kaLDF6J6aAKpump,6
CAPY,CAPYD6Lrm7bTZ6C7t7JvSxvpEcfKQ9YNB7kUjh6p6XBN,9
CATFROGDOGSHARK,fESbUKjuMY6jzDH9VP8cy4p3pu2q5W2rK2XghVfNseP,6
CATGPT,FGf1Us3kqu9AXu2x1yWKfiKE8uSx42ACvRiUrbuAodzq,9
CATINO,1A3CZ3b8f878LfqpT3stoiDC7C1EDMjda6A1xHakkMF,9
CB,3BeJ9zCgQhaqKMu2HgKJ79yQBChD1Pf3hPwRX44fpump,6
CENTS,C9FVTtx4WxgHmz55FEvQgykq8rqiLS8xRBVgqQVtpump,6
CHAN,ChanGGuDHboPswpTmKDfsTVGQL96VHhmvpwrE4UjWssd,9
CHILLGUY,Df6yfrKC8kZE3KNkrHERKzAetSxbrWeniQfyJY4Jpump,6
CHINU,FLrgwxXaX8q8ECF18weDf3PLAYorXST5orpY34d8jfbm,9
CHIPPY,3T9mBXQzfAn8Rf1LKDutvGMTd1EruJbFh3cM7MSMq3Py,6
CHUD,6yjNqPzTSanBWSa6dxVEgTjePXBrZ2FoHLDQwYwEsyM6,6
CITADAIL,7h5AzpYTAnh4Gyux8Gqko5Fvx4AYQBZdkzHZ2CsBudvJ,6
CLOUD,CLoUDKc4Ane7HeQcPpE3YHnznRxhMimJ4MyaUqyHFzAu,9
COK,Dnb9dLSXxAarXVexehzeH8W8nFmLMNJSuGoaddZSwtog,6
COME,GmW12mAzyTj897Y3pgxDQzpnNid7q58E8T7V56rmaUdD,6
COPE,8HGyAAB1yoM1ttS7pXjHMa3dukTFGQggnFFH3hJZgzQh,6
COST,Av6qVigkb7USQyPXJkUvAEm4f599WTRvd75PUWBA9eNm,9
COUPE,FDYEs26DrnS59A2aeRnU1ZF2BsxLGZSbaFCCpzDgDUq3,9
CROC,5V9qpFo8NMFyhYHbrqY2c1TJrvzZSnRJAdj4ryPVB18n,6
CRODIE,GvcNXdSehfNSNyhDVDj27kc459LzFqWozt9CSJywMy6r,9
CWIF,7atgF8KQo4wJrD5ATGX7t1V2zVvykPJbFfNeVf1icFv1,2
DADDY,4Cnk9EPnW5ixfLZatCPJjDB1PUtcRpVVgTQukm9epump,6
DADDYCHILL,APfYrsmioST7R2pdBLfTWi9f1gmgrtDAvJJnUnMWpump,6
DAVIDO,9LAjk5F4rFetELE4CygcBbZ5hYc2QhRrbJjfm5Q26jWM,6
DAW,7cb67ev3jvBKaAH1tnVM8FL8WfQ96sa2TYByEXajqx8N,6
DC,FaUKsgcuqAd9sCaFz3if7ia1DasaxVoNPTXWFs2GScWN,6
DEFAI,HwFh2kN2rYPKxzHRCFYB5qQ8rYomMs4jp968oe6FQubZ,9
DEFIANT,DPTP4fUfWuwVTgCmttWBu6Sy5B9TeCTBjc2YKgpDpump,6
DEGENAI,Gu3LDkn7Vx3bmCzLafYNKcDxv2mH7YN44NJZFXnypump,6
DEVIN,7gbEP2TAy5wM3TmMp5utCrRvdJ3FFqYjgN5KDpXiWPmo,6
DFL,DFL1zNkaGPWm1BqAVqRjCZvHmwTFrEaJtbzJWgseoNJh,9
DIGIMON,WEmjxPMGXEW1Nvc4rCgRKiWHj1H1tvhPsKMw2yvpump,6
DIO,BiDB55p4G3n1fGhwKFpxsokBMqgctL4qnZpDH1bVQxMD,9
DJT,HRw8mqK8N3ASKFKJGMJpy4FodwR3GKvCFKPDQNqUNuEP,9
DOAI,3vmfEaTR9M2Pp5JcFNC8c8u6U4eFUBdq6FQjgPpcnfKS,9
DOE,2FKMWYwr17j7AHexcgcQbn5gwZTsYR86qBPrU1BHpump,6
DOGGS,HzF4L5A6Y4y3jpwvvsZXW51uUki851ctRYJ2GYK4dp7g,9
DOOD,DvjbEsdca43oQcw2h3HW1CT7N3x5vRcr3QrvTUHnXvgV,9
DOOGLE,F6TsRcjtLBzkdtZYqjTPVq9WtnwHMMc1WcQguEgCpump,6
DRIFT,DriFtupJYLTosbwoN8koMbEYSx54aFAVLddWsbksjwg7,6
DUCKE,2BYPKrvakPBHniZV5TgPsmCy2WTYuQFsGdkjJt7Gm4EY,9
DUKO,HLptm5e6rTgh4EKgDpYFrnRHbjpkMyVdEeREEa2G7rf9,6
DUPE,2K2EcwAKDjU6Dg17WRwKshhr4Qu29irvRt3GU3uphrKg,9
DWP,6CEtEhtVeN3EvxqxXv9sxri8EnpHq983dnsTmqHZf2eg,6
EAR,2BUZ19fT8TYvPzhuvtCCp9ceu9eNRCmY11S4vSATpump,6
EGG,EXA537HSBVpsFijENbt6Muuy9AADUN8dUmYKD4oKbjJE,9
EGGSOL,wo1zgt8rfrYpvdVi4nidoj1SYfcR4pQx69bmNv2JLhQ,9
ELIZA,5voS9evDjxF589WuEub5i4ti7FWQmZCsAsyD5ucbuRqM,6
ELU,4tJZhSdGePuMEfZQ3h5LaHjTPsw1iWTRFTojnZcwsAU6,9
EPIK,3BgwJ8b7b9hHX4sgfZ2KJhv9496CoVfsMK2YePevsBRw,6
ERIC,LSTo3PdLJmcm7r5gjN1RvR5nATg3UQbDstbXGL6xqQu,9
EVAN,GFUgXbMeDnLkhZaJS3nYFqunqkFNMRo9ukhyajeXpump,6
EXO,FqveHfaf96iTjA3KgX1W5LWPnLFYv8EfUf6TQSWPpump,6
EYE,6MAWnfagDCzqmHQh88FVt9F1zzLqXpwGJpaL7zUTpump,6
FART,Ek1zzALu4d4iPu7bwUL1TU4aCwNokecihX6y6aBEo6b4,6
FARTCOIN,9BB6NFEcjBCtnNLFko2FqVQBq8HHM13kCyYcdQbgpump,6
FATHA,EWWDzCwq4UYW3ERTXbdgd6X6sdkKHFMJqRz1ZiFcpump,6
FENTANYL,65Z76ENVtuTVohmGeSMVAPW7ArRoUByZspCN3Yb7k7p,9
FFIE,3dH1FZwt2b1E3SLBZjUJbuFvA19ETFZ561QSzMnry5uV,8
FIDA,EchesyfXePKdLtoiZSL8pBe8Myagyy8ZRqsACNCFGnvp,6
FIGHTSOL,KMnDBXcPXoz6oMJW5XG4tXdwSWpmWEP2RQM1Uujpump,6
FIGURE,7LSsEoJGhLeZzGvDofTdNg7M3JttxQqGWNLo6vWMpump,6
FINDME,CLFR99t87xxRQtEtkWkrGj82BiJ2228h7JPgkLWiZ45o,6
FINE,WARcU61sECeEK5DEbkY3wcjGxSGr4W8bVUpKbBNbgbu,6
FINK,fink4uFVrKd4HjMbqseTDSYYUkHb8kgiHNnCj28YtvK,9
FLAVIA,3HYx6a9whu5a4dnzE62WNXg46MrEmu9LFxutR2YBpump,6
FLOWER,AVyjco9j8vv7ZPkhCpEoPJ3bLEuw7G1wrrNt8DrApump,6
FLUFF,CoRkC3r6MqYuTeMRc7D8JJF7UiUyFWurXGpYy1xQATNq,9
FOCAI,5qsZAnWuR7vMJbiznrJEY2ddVqZXjNYmFvR3eXSxpump,6
FOMO,ZxBon4vcf3DVcrt63fJU52ywYm9BKZC6YuXDhb3fomo,6
FOREST,BoAQaykj3LtkM2Brevc7cQcRAzpqcsP47nJ2rkyopump,6
FORK,6xhc9egiVtLDp8SibN18xa5QFZYJ26Wu9gi4hd75pmDc,6
FRED,CNvitvFnSM5ed6K28RUNSaAjqqz5tX1rA5HgaBN9pump,6
FROX,AXzueZQiCjJStGPuGTYt1jyJdG7pcSwjVorWmpN9vm1i,6
FUACK,4P6gQYnZ2AvwmAr37GCeUq1vyk1PQJmXnuA1QFRKGHkz,6
FULLSEND,AshG5mHt4y4etsjhKFb2wA2rq1XZxKks1EPzcuXwpump,6
FWOG,A8C3xuqscfmyLrte3VmTqrAq8kgMASius9AFNANwpump,6
GARI,CKaKtYvz6dKPyMvYq9Rh3UBrnNqYZAyd7iF4hJtjUvks,9
GAY,9mQEkFVqmRJLMPUJT25qriKXi2sH8RiuMBrzLeLupump,6
GENE,GENEtH5amGSi8kHAtQoezp1XEXwZJ8vcuePYnXdKrMYz,9
GENIE,3Jjt8QhbqNoYfSQYHWf8ZsTJwE2CyvmUrzgzJD5Jpump,6
GHIBLI,4TBi66vi32S7J8X1A6eWfaLHYmUXu7CStcEmsJQdpump,6
GIGA,63LfDmNb3MQ8mw9MtZ2To9bEA2M71kZUUGq5tiJxcqj9,5
GIL,CyUgNnKPQLqFcheyGV8wmypnJqojA7NzsdJjTS4nUT2j,6
GINNAN,GinNabffZL4fUj9Vactxha74GDAW8kDPGaHqMtMzps2f,6
GME,8wXtPeU6557ETkp9WHFY1n1EcU6NxDvbAggHGsMYiHsB,9
GMT,7i5KKsX2weiTkry7jA4ZwSuXGhs5eJBEjY8vVxR4pfRx,9
GNON,HeJUFDxfJSzYFUuHLxkMqCgytU31G6mjP4wKviwqpump,6
GOAT,CzLSujWBLFsSjncfkh59rUFqvafWcY5tzedWJSuypump,6
GOME,8ULCkCTUa3XXrNXaDVzPcja2tdJtRdxRr8T4eZjVKqk,6
GOODBOY,4DNcAxMMhWffAy5WTiJyxoCnMMkeXzrcw2RXJrakr7ym,6
GORK,38PgzpJYu2HkiYvV8qePFakB8tuobPdGm2FFEn7Dpump,6
GRASS,Grass7B4RdKfBCjTKgSqnXkqjwiGvQyFbuSCUJr3XXjs,9
GRIFFAIN,KENJSUYLASHUMfHyy5o4Hp2FdNqZg1AsUPhfH2kYvEP,6
GRIFT,GekTNfm84QfyP2GdAHZ5AgACBRd69aNmgA5FDhZupump,6
GRPH,9doRRAik5gvhbEwjbZDbZR6GxXSAfdoomyJR57xKpump,6
GRUMPY,Ch5JJQZspiJ9MCDURZAA8nnVvbiwD1tnPcfmkCcVPiDb,6
GST-2,AFbX8oGjGpmVFywbVouvhQSRmiW2aR1mohfahi4Y2AdB,9
GUAC,AZsHEMXd36Bj1EMNXhowJajpUXzrKcK57wW4ZGXVa7yR,5
GUMMY,H7bTHGb5Cvo5fGe5jBDNDPUv8KykQnzyZA3qZ8sH7yxw,9
HABIBI,864YJRb3JAVARC4FNuDtPKFxdEsYRbB39Nwxkzudxy46,6
HAPPY,HAPPYwgFcjEJDzRtfWE6tiHE9zGdzpNky2FvjPHsvvGZ,9
HAT,AxGAbdFtdbj2oNXa4dKqFvwHzgFtW9mFHWmd7vQfpump,6
HAWK,BKipkearSqAUdNKa1WDstvcMjoPsSKBuNyvKDQDDu9WE,6
HAWKTUAH,4GFe6MBDorSy5bLbiUMrgETr6pZcjyfxMDm5ehSgpump,6
HBB,HBB111SCo9jkCejsZfz8Ec8nH7T6THF8KEKSnvwT6XK6,6
HOBBES,6n7Janary9fqzxKaJVrhL9TG2F61VbAtwUMu1YZscaQS,6
HODL,58UC31xFjDJhv1NnBF73mtxcsxN92SWjhYRzbfmvDREJ,6
HONEY,4vMsoUT2BWatFweudnQM1xedRLfJgJ7hswhcpz4xgBTy,9
HONK,3ag1Mj9AKz9FAkCQ6gAEhpLSX8B2pUbPdkb9iBsDLZNB,9
HOUSE,DitHyRMQiSDhn5cnKMJV2CDDt6sVct96YrECiM49pump,6
IDK,CymqTrLSVZ97v87Z4W3dkF4ipZE1kYyeasmN2VckUL4J,3
IO,BZLbGTNCSFfoth2GYDtwr7e4imWzpR5jqcUuGEwr646K,8
IOT,iotEVVZLEywoTn1QdwNPddxPWszn3zFhEot3MfL9fns,6
IRL,HEmgGwgn6naqNatkU9ST2wHa4X9HRMmxE7qE8vWuV7L2,8
ITALIANROT,BQX1cjcRHXmrqNtoFWwmE5bZj7RPneTmqXB979b2pump,6
J,Jambjx1oJoZNBZiqbiF9TqgatEZPdyfvYa9WVsKNzUh,9
JAIL,8cNmp9T2CMQRNZhNRoeSvr57LDf1kbZ42SvgsSWfpump,6
JAILSTOOL,AxriehR6Xw3adzHopnvMn7GcpRFcD41ddpiTWMg6pump,6
JARVIS,CmpuL8k9KY3NrpfDRoJrVmuwd1zRMFRUxX55avyGpump,6
JELLYJELLY,FeR8VBqNRSUD5NtXAj2n3j1dAHkZHfyDktKuLXD4pump,6
JORGIE,AMgMqadZ7Qpe9PCQwehAG3Xbg5cf8JxCxH7sGCSupump,6
JTO,jtojtomepa8beP8AuQc6eXt5FriJwfFMwQx2v2f9mCL,9
JUP,JUPyiwrYJFskUPiHa7hkeR8VUtAeFoSYbKedZNsDvCN,6
KABAL,4CKd1pfak4Ss3EX9aHqz7hAkwVdhTqtrDKNexwq1dFxY,9
KACY,6QSVGUEyBZWRshnXKhS96NQ97vGWiTu61SyHLAbYpump,6
KAMA,HnKkzR1YtFbUUxM6g3iVRS2RY68KHhGV7bNdfF1GCsJB,9
KIKI,FePbYijSZfdHvswUhfBqztJ7kzUs5AEBMDi71xQhTtWC,6
KIN,kinXdEcpDQeHPEuQnqmUgtYykqKGVFq6CeVX5iAHJq6,5
KING,9noXzpXnkyEcKF3AeXqUHTdR59V5uvrRBUZ9bwfQwxeq,9
KIRA,CefZxozhhxK88XPJoeWBczYSaBPd35tsKnziTH6Cpump,6
KITTY,EKEWAk7hfnwfR8DBb1cTayPPambqyC7pwNiYkaYQKQHp,6
KM,HuAncxDEsakCDgZS2Yfo9xJbHmtHXMnxxkT9jqdXnHhm,6
KMNO,KMNo3nJsBXfcpJTVhZcXLW7RmTwTt4GVFE7suUBo9sS,6
KNOB,5ritAPtFPqQtEFHcHVqNjR5oFNUJqcmgKtZyPd2AyLLy,9
LAMBO,FhAdp55ngkaRCC3TGAMsJdDCUHQDPTMcxQDJ4HCfnxMf,9
LAUNCHCOIN,Ey59PH7Z4BFU4HjyKnyMdWt5GGN76KazTAwQihoUXRnk,9
LAYER,LAYER4xPpTCb3QL8S9u41EAhAX7mhBn8Q6xMTwY2Yzc,9
LESTER,5z3iCe53hUANTiG8Js8RjHNE2Arjik7L2CXLyr2rpump,6
LILPUMP,9vrGUHwsC8LyLjQoh3zJb9S53x7A88u49La63qPB6F5t,6
LLM,98mb39tPFKQJ4Bif8iVg9mYb9wsfPZgpgN1sxoVTpump,6
LOCKIN,8Ki8DpuWNxu9VsS3kQbarsCWMcFGWkzzA8pUPto9zBd5,9
LOOM,BshVPBvgqSZ9UAsgEaLVnSteGqUR7nLfxfXn6URM4MMb,9
LUCE,CBdCxKo9QavR9hfShgpEBG3zekorAeD7W1jfq2o3pump,6
LUMO,4FkNq8RcCYg4ZGDWh14scJ7ej3m5vMjYTcWoJVkupump,6
M3M3,M3M3pSFptfpZYnWNUgAbyWzKKgPo5d1eWmX6tbiSF2K,9
MAGAPEPE,2Xn4cBcrksaBMMxw8EbwuxY7iG8HUiZx1XEiCXQsGeSo,2
MAIL,C8cNX2D1y3jqKpMFkQhP1gGbfvTEdeckZXLBKSN5z5KF,6
MANEKI,25hAyBQfoDhfWx9ay6rarbgvWGwDdNqcHsXS3jQ3mTDJ,5
MARU,maru4DtHRrPytGBgRk81qBLby8f72t23u4Xi3EgPPgJ,6
MATES,MAtesZXcU38mgPuteRFo9ApCauYRRuwn3xf1cs5y7ZX,6
MAXSOL,oraim8c9d1nkfuQk9EzGYEUGxqL3MHQYndRw1huVo5h,6
MBS,Fm9rHUTF5v3hwMLbStjZXqNBBoZyGriQaFM6sTFz3K8A,6
MCG,H1nf1F4eoHtiWiSBwLYAhJvAb7CDFY32eYA64mhL8Rp,9
ME,MEFNBXixkEbait3xn9bkm8WsJzXtVsaJEn4c8Sam21u,6
MEDIA,ETAtLmCmsoiEEKfNrHKJ2kYy3MoABhU6NQvpSfij5tDs,6
MEDUSA,Fosp9yoXQBdx8YqyURZePYzgpCnxp9XsfnQq69DRvvU4,6
MELANIA,FUAfBo2jgks6gB4Z4LfZkqSZgzNucisEHqnNebaRxM1P,6
MEMESAI,39qibQxVzemuZTEvjSB7NePhw9WyyHdQCqP8xmBMpump,6
MEMESOL,7cyAGa4XsNDnSgnFuwmVFgp9JGqZoZYkiVyFPSke9CuP,6
MER-2,MERt85fc5boKw3BW1eYdxonEuJNvXbiMbs6hvheau5K,6
METAV,HCgvbV9Qcf9TVGPGKMGbVEj8WwwVD6HhTt5E2i3qkeN9,6
MEW,MEW1gQWJ3nEXg2qgERiKu7FAFj79PHvQVREQUzScPP5,5
MIA,Dy7M5B3Z5GnyhyHKkcHRFpYxw6eyiF1gqsDTBiT4t4oQ,6
MICHI,5mbK36SZ7J19An8jFochhQS4of8g6BwUjbeCSxBSoWdp,6
MIHARU,6tVZVjcppH2BZ9Xj5yFU1Zt34m2rYcyDqqpSeMDZpump,6
MIKI,7qtnComv6JkaT9Ey2LUzXGGENnCv7kJTfTihGg9s27FD,6
MINI,2JcXacFwt9mVAwBQ5nZkYwCyXQkRcdsYrDXn6hj22SbP,6
MIST,FjTJCCQpLU4fpH58mN1bTQXiQsjJVYai3QYFjYqYpump,6
MLG,7XJiwLDrjzxDYdZipnJXzpr1iDTmK55XixSFAa7JgNEL,6
MNDE,MNDEFzGvMt87ueuHvVU9VcTqsAP5b3fTGPsHuuPA5ey,9
MNGO,MangoCzJ36AjZyKwVj3VnYU4GTonjfVEnJmvvWaxLac,6
MOBILE,mb1eu7TzEc71KxDpsmsKoucSSuuoGLv1drys1oP2jh6,6
MOBY,Cy1GS2FqefgaMbi45UunrUzin1rfEmTUYnomddzBpump,6
MOCKJUP,JxxWsvm9jHt4ah7DT9NuLyVLYZcZLUdPD93PcPQ71Ka,9
MOGGO,FbtRb4zF2u52FSnjLB79yRg73hbMVgSw9rC897shqzb4,9
MOOCAT,FuLH3f9TPxiLNojPBZxfaT5Rb5VFfia8hMzLo9e9c6CG,9
MOODENG,ED5nyyWEzpPPiWimP8vYm7sD7TD3LAt3Q3gRTWHzPJBY,6
MOTH,EfRr6xyFYAwVLSV2sYt68gXwPFfUYayGpEyRoSLGRS5L,6
MOTHER,3S8qX1MsMqRbiwKg2cQyx7nis1oHMgaCuc9c4VfvVdPN,6
MPLX,METAewgxyPbgwsseH8T16a39CQ5VyVxZi9zXiDPY18m,6
MSOL,mSoLzYCxHdYgdzU16g5QSh3i5K3z3KZK7ytfqcJm7So,9
MTOS,HcQbgvMTCNDgMDY6GAFzP1WwCNZeMoEwZfUuHepzC9L5,9
MUMU,5LafQUrVco6o7KMz42eqVEJ9LW31StPyGjeeu5sKoMtA,6
MUSTARD,22Xeo6diWfJrScaoVFzgkwzrCByPukK45fdwkJyrpump,6
MVRS,6dk9H7RD5m8JtRuUErNztwhBbr5ynzWvzPTusLpxpump,6
MXM,H53UGEyBrB9easo9ego8yYk7o4Zq1G5cCtkxD3E3hZav,6
MYRA,H1aN3vcvB68eaFPbMkoAss3vnfi4AhP5C2dpnrZzdBc7,9
MYRO,HhJpBhRRn4g56VsyLuT8DL5Bv31HkXqsrahTTUCZeZg4,9
NAMI,Em9zr2tgSmGgRbz3kxyQeRXjRi9oc13wMu6cKam4zWFW,6
NATIX,FRySi8LPkuByB7VPSCCggxpewFUeeJiwEGRKKuhwpKcX,6
NC,B89Hd5Juz7JP2dxCZXFJWk4tMTcbw7feDhuWGb3kq5qE,9
NEIRO,CTg3ZgYx79zrE1MteDVkmkcGniiFrK1hJ6yiabropump,6
NEON,NeonTjSjsuo3rexg9o6vHuMXw62f9V7zvmu8M8Zut44,9
NEUR,3N2ETvNpPNAxhcaXgkhKoY1yDnQfs41Wnxsx5qNJpump,6
NEVER,CxrhHSqyW8YTDWc4csJMMgo7uBUJSXzNzrWhtw9ULdru,6
NOHAT,5BKTP1cWao5dhr8tkKcfPW9mWkKtuheMEAU6nih2jSX,6
NOS,nosXBVoaCTtYdLvKY6Csb4AC8JCdQKKAaWYtx2ZMoo7,6
NVDA,81tgLo11aeGzx7XEt9vsa2fQVb6LE2hHQH3B4kRkjRsA,6
NYAN,NYANpAp9Cr7YarBNrby7Xx4xU6No6JKTBuohNA3yscP,9
OCTO,4CoTCzobYt38zVbSieZxcmz2CCs8kmZJ6wnbj8HWocto,6
OIIAOIIA,VaxZxmFXV8tmsd72hUn22ex6GFzZ5uq9DVJ5wA5pump,6
OMOCHI,ESVRQ6phc55VCw7sWB6JgW3PeTB6N68kvwjfsMPcpump,6
OPAIUM,4HuSTfcJruukNbhrF9sc5iKrMeGxNBs6XpQ1L2hUpump,6
OPOS,BqVHWpwUDgMik5gbTciFfozadpE2oZth5bxCDrgbDt52,9
OPPIE,GwyxednWbrhgT2K6iPUsbtadErA7TBGqsJjyzAody2mv,6
OPUS,9JhFqCA21MoAXs2PTaeqNQp2XngPn1PgYr2rsEVCpump,6
ORCA,orcaEKTdK7LKz57vaAYr9QeNsVEPfiu6QeMU1kektZE,6
OTK,octo82drBEdm8CSDaEKBymVn86TBtgmPnDdmE64PTqJ,9
OXY,z3dn17yLaGMKffVogeFHQ9zWVcXgqgf3PQnDsNs2g6M,6
PAIN,1Qf8gESP4i6CFNWerUSDdLKJ9U1LpqTYvjJ2MM4pain,6
PARRY,CqheMEfCHHfwLuyMoPM9F4zT9myVZeJQD8dox8uNdnRd,6
PAWS,PAWSxhjTyNJELywYiYTxCN857utnYmWXu7Q59Vgn6ZQ,6
PENG,A3eME5CetyZPBoWbRUwY3tSe25S6tb18ba9ZPbWk9eFJ,6
PENGU,2zMMhcVQEXDtdE6vsFS7S7D5oUodfJHE8vd1gnBouauv,6
PIP,HHjoYwUp5aU6pnrvN4s2pwEErwXNZKhxKGYjRJMoBjLw,9
PIPPIN,Dfh5DzRgSvvCFDoYc2ciTkMrbDfRKybA4SoFbPmApump,6
PLD,2cJgFtnqjaoiu9fKVX3fny4Z4pRzuaqfJ3PBTMk2D9ur,6
PNUT,2qEHjDLDLbuBgRYvsxhc5D6uDWAivNFZGan56P1tpump,6
POCHITA,E6AujzX54E1ZoPDFP2CyG3HHUVKygEkp6DRqig61pump,6
POGAI,2miHpQbYLPvXxC2V234jrrrtnJdejd5xW883a5ToNW3g,5
POLIS,poLisWXnNRwC6oBu1vHiuKQzFjGL4XDSu4g9qjz9qVk,8
PONK,HeqCcMjmuV5s25J49YiJyT6bD5qWLkP88YPajBySniaV,5
PONKE,5z3EqYQo9HiCEs3R84RCDMu2n7anpDMxRhdK8PSWmrRC,9
POPCAT,7GCihgDB8fe6KNjn2MYtkzZcRjQy3t9GHdC8uHYmW2hr,9
PORT,PoRTjZMPXb9T7dyU7tpLEZRQj7e6ssfAE62j2oQuc6y,6
PRCL,4LLbsb5ReP3yEtYzmXewyGjcir5uXtKFURtaEUVC2AHs,6
PRISM,PRSMNsEPqhGVCH1TtWiJqPjJyh2cKrLostPZTNy1o5x,6
PSY,PsyFiqqjiv41G7o5SMRzDJCu4psptThNR2GtfeGHfSq,6
PUNDU,WskzsKqEW3ZsmrhPAevfVZb6PuuLzWov9mJWZsfDePC,9
PURPE,HBoNJ5v8g71s2boRivrHnfSB5MVPLDHHyVjruPfhGkvL,1
PWEASE,CniPCE4b3s8gSUPhUiyMjXnytrEqUrMfSsnbBjLCpump,6
PYTH,HZ1JovNiVvGrGNiiYvEozEVgZ58xaU3RKwX8eACQBCt3,6
PYTHIA,CreiuhfwdWCN5mJbMJtA9bBpYQrQF2tCBuZwSPWfpump,6
RACEFI,AAmGoPDFLG6bE82BgZWjVi8k95tj9Tf3vUN7WvtUm2BU,6
RAY,4k3Dyjzvzp8eMZWUXbBCjEvwSkkk59S5iCNLY3QrkX6R,6
RDOG,DUp2qMMGuACziKeyZRtH9cuKyqtYpqJ24iZg6tVLpump,6
READY,HKJHsYJHMVK5VRyHHk5GhvzY9tBAAtPvDkZfDH6RLDTd,9
REALIS,EBGaJP7srpUUN8eRdta1MsojrNtweuHYsdP3P1TRpump,6
REEE,4ABXJEK62bfKqPiCbSsUtmb4nfkCNPDGtvLhwQcAWNjc,6
RENDER,rndrizKT3MK1iimdxRdWabcF7Zg7AR5T4nud4EkHBof,8
RETARDIO,6ogzHhzdrQr9Pgv6hZ2MNze7UrzBMAFyBBWUYp1Fhitx,6
RFC,C3DwDjT17gDvvCYC2nsdGHxDHVmQRdhKfpAdqQ29pump,6
RIFAMPICIN,GJtJuWD9qYcCkrwMBmtY1tpapV1sKfB2zUv9Q4aqpump,6
ROAM,RoamA1USA8xjvpTJZ6RvvxyDRzNh6GCA1zVGKSiMVkn,6
ROGER,8hN217wBBgRkDiyzabLmSuS95pxX5PFcv3HEM5Ha4ZEv,6
SAMO,7xKXtg2CW87d97TXJSDpbD5jBkheTqA83TZRuJosgAsU,9
SANDY,61yG5LCoeoqzBdopXPy6BsVPTGdRXht95L68hj5ipump,6
SAROS,SarosY6Vscao718M4A778z4CGtvcwcGef5M9MEH1LGL,6
SBF,FkbWN4dcFQym2PgCELfThghQqLuA2e2jThMJyhZjfG4M,6
SBR,Saber2gLauYim4Mvftnrasomsv6NvAuncvMEZwcLpD1,6
SCRAT,3GEznP41VaAGv9yRdBiuYdA8zkffNc8b7DzNJgFbH4Kh,6
SDOGE,8ymi88q5DtmdNTn2sPRNFkvMkszMHuLJ1e3RVdWjPa3s,0
SELFIE,9WPTUkh8fKuCnepRWoPYLH3aK9gSjPHFDenBq2X1Czdp,6
SEND,SENDdRQtYMWaQrBroBrJ2Q53fgVuq95CV9UPGEvpCxa,6
SFARM,BjBzvw6VX7UJtrC7BaYLG1dHBiwrXP1T9j2YfDEdP4zU,6
SHDW,SHDWyBxihqiCj6YekG2GUr7wqKLeLAMK1gHZck9pL6y,9
SHEGEN,2KgAN8nLAU74wjiyKi85m4ZT6Z9MtqrUTGfse8Xapump,6
SHILL,6cVgJUqo4nmvQpbgrDZwyfd6RwWw5bfnCamS3M9N1fd,6
SHOE,8XVXzmsMMw7ufa8RC21fHcDP6TGti5y3ZidQinnYurqr,6
SHOGGOTH,H2c31USxu35MDkBrGph8pUDUnmzo2e4Rf4hnvL2Upump,6
SIGMA,5SVG3T9CNQsm2kEwzbRq6hASqh1oGfjqTtLXYUibpump,6
SILLY,7EYnhQoR9YM3N7UoaKRoA44Uy8JeaZV3qyouov87awMs,9
SITCOM,AK9yVoXKK1Cjww7HDyjYNyW5FujD3FJ2xbjMUStspump,6
SKATECAT,8NKJze6oUVRpbpk3TaYHv2se57fv54qMS38bRtnEZqYM,6
SLCL,SLCLww7nc1PD2gQPQdGayHviVVcpMthnqUz2iWKhNQV,9
SLERF,7BgBvyjrZX1YKz4oh9mjb8ZScatkkwb8DzFx7LoiVkM3,9
SLIM,xxxxa1sKNGwFtw2kFn8XauW9xq8hBZ5kVtcSesTT9fW,6
SLND,SLNDpmoWTVADgEdndyvWzroNL7zSi1dF9PC3xHGtPwp,6
SLOP,FqvtZ2UFR9we82Ni4LeacC1zyTiQ77usDo31DUokpump,6
SLOTH,HQ7DaoiUxzC2K1Dr7KXRHccNtXvEYgNvoUextXe8dmBh,6
SMOLE,9Ttyez3xiruyj6cqaR495hbBkJU6SUWdV6AmQ9MvbyyS,6
SNAI,Hjw6bEcHtbHGpQr8onG3izfJY5DJiWdt7uk2BfdSpump,6
SNS,SNSNkV9zfG5ZKWQs6x4hxvBRV6s8SqMfSGCtECDvdMd,9
SNY,4dmKkXNHdgYsXqBHCuMikNQWwVomZURhYvkkX5c4pQ7y,6
SOLCHAT,947tEoG318GUmyjVYhraNRvWpMX7fpBTDQFBoJvSkSG3,9
SOLR,7j7H7sgsnNDeCngAPjpaCN4aaaru4HS7NAFYSEUyzJ3k,6
SOLS,2wme8EVkw8qsfSk2B3QeX4S64ac6wxHPXb3GrdckEkio,9
SONICSVM,SonicxvLud67EceaEzCLRnMTBqzYUUYNr93DBkBdDES,9
SPEED,5Wd2ALxQfnpgQKCyH4WL9giBiiuuLuJs84CJxfQccvmN,6
SPHYNX,5t4EVfkb5QU8NZXmTzcSK2bQsNWUr2HL64rRb8i6wpat,9
SPIKE,sPiKEYAqoaGYYBAnPxro8NLSYLu93sr56n352jJRLN5,9
SPOODY,8Nd3TZJfxt9yYKiPiPmYp6S5DhLftG3bwSqdW3KJwArb,6
SPORE,8bdhP1UQMevciC9oJ7NrvgDfoW8XPXPfbkkm6vKtMS7N,6
SSB,C2KG3gB395WfE1P8ZhUvoT5ZUXzQEJst4FCgLAYTGACz,9
SSE,H4phNbsqjV5rqk8u6FUACTLB6rNZRTAPGnBb8KXJpump,6
STARS,HCgybxq5Upy8Mccihrp7EsmwwFqYZtrHrsmsKwtGXLgW,6
STEP,StepAscQoEioFxxWGnh2sLBDFp9d8rvKz2Yp39iDpyT,9
STNK,43VWkd99HjqkhFTZbWBpMpRhjG469nWa7x7uEsgSH7We,9
STOP,W2bAuFf2Xeb7ZNpJTywFSaCs5jYkaLYtBMR53SzVXUo,9
STREAM,STREAMribRwybYpMmSYoCsQUdr6MZNXEqHgm7p1gu9M,6
STSOL,7dHbWXmci3dT8UFYWYZweBLXgycu7Y3iL6trKn1Y7ARj,9
SWARMS,74SBV4zDXxTRgv1pEMoECskKBkZHc2yGPnc7GYVepump,6
SYDNEY,CUzSRjBvqFFq45mg6j9oyQrDxyUTHEKM2xqKzDkZpump,6
TAKI,Taki7fi3Zicv7Du1xNAWLaf6mRK7ikdn77HeGzgwvo4,9
TETSUO,8i51XNNpGaKaj4G4nDdmQh95v4FKAxw8mhtaRoKd9tE8,6
TILLY,tiLYBRtBSfhwXe82nfRAYd5EVaqfpV74WsH75we8pki,9
TIM,DWjVPqEX4fPFQ47Xb7EegpGhgWzRviYfPoEWPnxz2CRd,9
TITCOIN,FtUEW73K6vEYHfbkfpdBZfWpxgQar2HipGdbutEhpump,6
TMANIA,HuPspkki5Qdnf5WAU7jtEThkeMhni6XQ23tunZRkZWUi,9
TNSR,TNSRxcUxoT9xBG3de7PiJyTDYu7kskLqcpddxnEJAS6,9
TOAD,FViMp5phQH2bX81S7Yyn1yXjj3BRddFBNcMCbTH8FCze,4
TOBI,6h4ZKWqb9dDW8jaB4d76LNfP8PoRgiSvQLBHnkuih1Ty,6
TOGA,4T54PGF4gAU75NL9j2GHvrVbR6u5zjyJE4zGuJbkpump,6
TOOKER,9EYScpiysGnEimnQPzazr7Jn9GVfxFYzgTEj85hV9L6U,9
TREMP,FU1q8vJpZNUrmqsciSjp8bAKKidGsLmouB8CBdf8TKQv,9
TRISG,BLDiYcvm3CLcgZ7XUBPgz6idSAkNmWY6MBbm8Xpjpump,6
TRISIG,BLDiYcvm3CLcgZ7XUBPgz6idSAkNmWY6MBbm8Xpjpump,6
TROLL,5UUH9RTDiSpq6HKS6bp4NdU9PNJpXRXuiw6ShBTBhgH2,6
TRUMP,6p6xgHyF7AeE6TZkSmFsko444wqoP15icUSqi2jfGiPN,6
TRUST-2,EqeEBGHQhQy6SqeaJcnqAsNs3qaG19sdF89Xsarpump,6
TULIP,TuLipcqtGVXP9XR62wM8WWCm6a9vhLs7T1uoWBk6FDs,6
UBC,9psiRdn9cXYVps4F1kFuoNjd2EtmqNJXrCPmRppJpump,6
UFD,eL5fUxj2J4CiQsmW85k5FG9DvuQjjUoBHoQBi2Kpump,6
UPDOG,HJ39rRZ6ys22KdB3USxDgNsL7RKiQmsC3yL8AS3Suuku,9
UROSOL,FvgqHMfL9yn39V79huDPy3YUNDoYJpuLWng2JfmQpump,6
USA,69kdRLyP5DTRkpHraaSZAQbWmAwzF9guKjZfzMXzcbAs,6
USDH,USDH1SM1ojwWUga67PGrgFWUHibbjqMvuMaDkRJTgkX,6
USEDCAR,9gwTegFJJErDpWJKjPfLr2g2zrE3nL1v5zpwbtsk3c6P,9
USELESS,Dz9mQ9NzkBcCsuGPFJ3r1bS4wgqKMHBPiVuniW8Mbonk,6
VINE,6AJcP7wuLwmRYLBNbi825wgguaPsWzPBEHcHndpRpump,6
VOID,6gh8b2mqUrVb6Ew8Mwt89tNyN9keCDNstzT5cdp5pump,6
VVAIFU,FQ1tyso61AH1tzodyJfSwmzsD3GToybbRNoZxUBz21p8,6
W,85VBFQZC9TZkfaptBWjvUw7YbZjy52A6mjtPGjstQAmQ,6
WALTER,FV56CmR7fhEyPkymKfmviKV48uPo51ti9kAxssQqTDLu,6
WAP,Bz7vVzQhm2KMW1XgcrDruYega1MiwrAs1DQysrx4tFkp,9
WATER,B6h248NJkAcBAkaCnji889a26tCiGXGN8cxhEJ4dX391,6
WEN,WENWENvqqNya429ubCdR81ZmD69brwQaaBYY6p3LCpk,5
WHALES,GTH3wG3NErjwcf7VGCoXEXkgXSHvYhx5gtATeeM5JAS1,6
WIF,EKpQGSJtjMFqKZ9KQanSqYXRcF8fBopzLHYxdM65zcjm,6
WIZARD,8oosbx7jJrZxm5m4ThKhBpvwwG4QpoAe6i4GiG19pump,6
WLKN,EcQCUYv57C4V6RoPxkVUiDwtX1SP8y8FP5AEToYL8Az,9
WOLFSOL,Faf89929Ni9fbg4gmVZTca7eW6NFg877Jqn6MizT3Gvw,8
WORM,DwDtUqBZJtbRpdjsFw3N7YKB5epocSru25BGcVhfcYtg,6
WYAC,BEgBsVSKJSxreiCE1XmWWq8arnwit7xDqQXSWYgay9xP,6
WYNN,4vqYQTjmKjxrWGtbL2tVkbAU1EVAz9JwcYtd2VE3PbVU,6
XIAO,EDavhezsuNnhdoAKPExWaMtnuhq6FVqoBYnyFEJLLBqC,6
XTAG,5gs8nf4wojB5EXgDUWNLwXpknzgV2YWDhveAeBZpVLbp,6
YESBUT,AU7qdyo8dpE22b4Xuw6BUs4fDgirXAi8rqczEpDFHJne,9
YNE,7D1iYWfhw2cr9yBZBFE6nZaaSUvXHqG5FizFFEZwpump,6
ZACK,8vCAUbxejdtaxn6jnX5uaQTyTZLmXALg9u1bvFCAjtx7,6
ZBC,zebeczgi5fSEtbpfQKVZKCJ3WgYXxjkMUkNNx7fLKAF,9
ZBCN,ZBCNpuD7YMXzTHB2fhGkGi78MNsHGLRXUhRewNRm9RU,6
ZEREBRO,8x5VqbHA8D7NkD52uNuS5nnt3PwA8pLD34ymskeSo2Wn,6
ZEUS,ZEUS1aR7aX8DFFJf5QjWj2ftDDdNTroMNGo8YoQm3Gq,6
HOLY,3GECTP7H4Tww3w8jEPJCJtXUtXxiZty31S9szs84CcwQ,6
SOLCEX,AMjzRn1TBQwQfNAjHFeBb7uGbbqbJB7FzXAnGgdFPk6K,6
SPEERO,C7K4Tot6fnnNwhWpqw9H277QPcP56vHAEeXubRHDyCo9,6
SQUIDSOL,7TKnJjMumNAmks1BCMnNtS3aifDevcELVPE3Zr2s5ikW,9
POSEIDON,JCV8BB8Zde8ukroWKTjLSENSWEj42kBkENjjws2Rh6vP,6
PORTNOY,8wzYfqeqkjBwYBHMacBVen8tSuJqXiDtsCgmjnUJDSKM,6
PIPI,HmTZ1SFRhgp63kgoT64iAwKXZez9Wf3df8r3MFywN8mp,6
LYTE,3ZW7vx54RC4KVUwa8dGGe3fJuWB9Xb9ppk2cxryWB5T4,9
NIGI,3boRKAxWR6weV6kufr9ykdLcm9cL5q2p469tCqeCAnHy,6
MAGA,sfYDFZJguyF4YLZjje7qwwh41NRymFfZ3QXZbVm7Eyg,6
MACHO,8zFovnzXzK9JDiftGaw7wiRxARrRtvm9Lz12vJ8CZ5ZA,5
LUIGI,5XyKkFaJpAmsH4Tf2EFj3S61W3hC5cJhxNZQQ5h1pump,6
NVDA,9dwPiStDBwJJqC3QzMnjpJP7xohZbMVmHELFx3uy3KRq,9
KERMIT,86AgpNnEbvBvqNocTrVLr4hg7gXpekp4BkjHYeHD6Nxm,9
PFCC,HFju3ohuEieDmFSpRRj1SZpizLQc8HayHgJDqwBWYtkN,6
OBOT,7yZFFUhq9ac7DY4WobLL539pJEUbMnQ5AGQQuuEMpump,6
FRIDGE,EswvJvhPy8A8rWPdLJ5ATYW6cY5x483oS4QWWroZpump,6
FINE,BgpZ9cXE2dRMTUPhroffbMQm3q8QTLpRorpHYeJspump,6
DOWNALD,nF5nn9yDF9m7Ms1XWM2fhTuWdkdiZznL4VctLdGpump,6
GROKCOIN,3MadWqcN9cSrULn8ikDnan9mF3znoQmBPXtVy6BfSTDB,6
DWIFC,EDfRGjmU3dRxcSFR1kUtNe47Q2PLdkEnX5HgQ2PvHANJ,9
DUCKE,GCUqVdTH9QjPPCyjHQe33FuuaEV5dVfcpYhK1wFTpump,6
HODLSOL,58UC31xFjDJhv1NnBF73mtxcsxN92SWjhYRzbfmvDREJ,6
ROSS,2q8Y8rubbsaaA3faq8Ytsk382JXgtKdn23qjNXhSpump,6
TESTSOL,4Hcm1TfA1MvVhCQHvJCcKL7ymUhJZAV7P439H5ZHnKRh,6
WSB,AkVt31h8vgji5wF4nVbq1QmBV5wBoe8JdSoDTkDhQwEw,6
ZION,8JAoMxhNwJbMPMHTtdUnHafUhr43rbF6odddfFFfzb3N,6
WIFMAGA,JDJd5bjQWRzNWhDQC2Umefa12hdgc34JXPzxN2zL55Zk,9
LOCK,arW7KshpAc4vUmpfWrYZF691qqp7pLDuBvD58E5D8g9,9
PEBO,4Yei9KWfxL6WM3gyxUpb1xNdswniPCHcMMv42S2ZLNWX,9
GENESIS,GVKLBFBPE7UxcRWMNJm7bhptRNq9RqG2jXsJVdg5cPED,6
GTOP,GahB1yHTvLjsvEapbiqrMPQPyKNodx9GNBJt53GYet7v,9
HUGH,8rXmnm1K8eHjZ3ESCVouhGXCFuEhRstir8VN1cwuTbBJ,6
IBOSS,CnKqniq2e9xxE5v2k293YvBYv1v6DHAnJTpUSj9AXAUU,6
INTRO,inTCqHJaLAETUxvRZ2kC45G2sThq9BFWVimfaQw7t6w,9
FREESOL,3aostq4ed8pXnAbz6V4qgtSBtDY1qnajXm6z1AmPpump,6
LOLSOL,LoL1RDQiUfifC2BX28xaef6r2G8ES8SEzgrzThJemMv,6
VISION,HVkFqcMHevVPb4XKrf4XowjEaVVsBoqJ2U1EG59Dfk5j,9
VI,7zBWymxbZt7PVHQzfi3i85frc1YRiQc23K7bh3gos8ZC,9
IP3,3uejHm24sWmniGA5m4j4S1DVuGqzYBR5DJpevND4mivq,9